AnnualIncome_k,SpendingScore,Frequency,Recency,Age
73.6,24.637681159420293,4.884057971014492,156.84057971014494,49.52173913043478
85.34375,71.796875,2.96875,240.0625,36.65625
49.278723404255324,57.212765957446805,2.319148936170212,89.15957446808514,36.02127659574468
36.95890410958904,37.849315068493155,2.7945205479452055,254.5068493150685,52.6986301369863
